힌남노 태풍 날짜,풍속(시속),이동속도
2022/09/06 21:00,104,94
2022/09/06 21:00,104,94
2022/09/06 21:00,104,94
2022/09/06 21:00,104,94
2022/09/06 21:00,104,94
2022/09/06 21:00,104,94
2022/09/06 21:00,104,94
2022/09/06 21:00,104,94
2022/09/06 21:00,104,94
2022/09/06 21:00,104,94
2022/09/06 21:00,104,94
2022/09/06 18:00,115,98
2022/09/06 18:00,115,98
2022/09/06 18:00,115,98
2022/09/06 18:00,115,98
2022/09/06 18:00,115,98
2022/09/06 18:00,115,98
2022/09/06 18:00,115,98
2022/09/06 18:00,115,98
2022/09/06 18:00,115,98
2022/09/06 18:00,115,98
2022/09/06 18:00,115,98
2022/09/06 15:00,115,72
2022/09/06 15:00,115,72
2022/09/06 15:00,115,72
2022/09/06 15:00,115,72
2022/09/06 15:00,115,72
2022/09/06 15:00,115,72
2022/09/06 15:00,115,72
2022/09/06 15:00,115,72
2022/09/06 15:00,115,72
2022/09/06 15:00,115,72
2022/09/06 15:00,115,72
2022/09/06 12:00,126,59
2022/09/06 12:00,126,59
2022/09/06 12:00,126,59
2022/09/06 12:00,126,59
2022/09/06 12:00,126,59
2022/09/06 12:00,126,59
2022/09/06 12:00,126,59
2022/09/06 12:00,126,59
2022/09/06 12:00,126,59
2022/09/06 12:00,126,59
2022/09/06 12:00,126,59
2022/09/06 09:00,133,62
2022/09/06 09:00,133,62
2022/09/06 09:00,133,62
2022/09/06 09:00,133,62
2022/09/06 09:00,133,62
2022/09/06 09:00,133,62
2022/09/06 09:00,133,62
2022/09/06 09:00,133,62
2022/09/06 09:00,133,62
2022/09/06 09:00,133,62
2022/09/06 09:00,133,62
2022/09/06 06:00,144,52
2022/09/06 06:00,144,52
2022/09/06 06:00,144,52
2022/09/06 06:00,144,52
2022/09/06 06:00,144,52
2022/09/06 06:00,144,52
2022/09/06 06:00,144,52
2022/09/06 06:00,144,52
2022/09/06 06:00,144,52
2022/09/06 06:00,144,52
2022/09/06 06:00,144,52
2022/09/06 03:00,155,39
2022/09/06 03:00,155,39
2022/09/06 03:00,155,39
2022/09/06 03:00,155,39
2022/09/06 03:00,155,39
2022/09/06 03:00,155,39
2022/09/06 03:00,155,39
2022/09/06 03:00,155,39
2022/09/06 03:00,155,39
2022/09/06 03:00,155,39
2022/09/06 03:00,155,39
2022/09/06 00:00,162,41
2022/09/06 00:00,162,41
2022/09/06 00:00,162,41
2022/09/06 00:00,162,41
2022/09/06 00:00,162,41
2022/09/06 00:00,162,41
2022/09/06 00:00,162,41
2022/09/06 00:00,162,41
2022/09/06 00:00,162,41
2022/09/06 00:00,162,41
2022/09/06 00:00,162,41
2022/09/05 21:00,169,30
2022/09/05 21:00,169,30
2022/09/05 21:00,169,30
2022/09/05 21:00,169,30
2022/09/05 21:00,169,30
2022/09/05 21:00,169,30
2022/09/05 21:00,169,30
2022/09/05 21:00,169,30
2022/09/05 21:00,169,30
2022/09/05 21:00,169,30
2022/09/05 21:00,169,30
2022/09/05 18:00,169,30
2022/09/05 18:00,169,30
2022/09/05 18:00,169,30
2022/09/05 18:00,169,30
2022/09/05 18:00,169,30
2022/09/05 18:00,169,30
2022/09/05 18:00,169,30
2022/09/05 18:00,169,30
2022/09/05 18:00,169,30
2022/09/05 18:00,169,30
2022/09/05 18:00,169,30
2022/09/05 15:00,176,33
2022/09/05 15:00,176,33
2022/09/05 15:00,176,33
2022/09/05 15:00,176,33
2022/09/05 15:00,176,33
2022/09/05 15:00,176,33
2022/09/05 15:00,176,33
2022/09/05 15:00,176,33
2022/09/05 15:00,176,33
2022/09/05 15:00,176,33
2022/09/05 15:00,176,33
2022/09/05 12:00,180,17
2022/09/05 12:00,180,17
2022/09/05 12:00,180,17
2022/09/05 12:00,180,17
2022/09/05 12:00,180,17
2022/09/05 12:00,180,17
2022/09/05 12:00,180,17
2022/09/05 12:00,180,17
2022/09/05 12:00,180,17
2022/09/05 12:00,180,17
2022/09/05 12:00,180,17
2022/09/05 09:00,180,24
2022/09/05 09:00,180,24
2022/09/05 09:00,180,24
2022/09/05 09:00,180,24
2022/09/05 09:00,180,24
2022/09/05 09:00,180,24
2022/09/05 09:00,180,24
2022/09/05 09:00,180,24
2022/09/05 09:00,180,24
2022/09/05 09:00,180,24
2022/09/05 09:00,180,24
2022/09/05 06:00,176,21
2022/09/05 06:00,176,21
2022/09/05 06:00,176,21
2022/09/05 06:00,176,21
2022/09/05 06:00,176,21
2022/09/05 06:00,176,21
2022/09/05 06:00,176,21
2022/09/05 06:00,176,21
2022/09/05 06:00,176,21
2022/09/05 06:00,176,21
2022/09/05 06:00,176,21
2022/09/05 03:00,176,22
2022/09/05 03:00,176,22
2022/09/05 03:00,176,22
2022/09/05 03:00,176,22
2022/09/05 03:00,176,22
2022/09/05 03:00,176,22
2022/09/05 03:00,176,22
2022/09/05 03:00,176,22
2022/09/05 03:00,176,22
2022/09/05 03:00,176,22
2022/09/05 03:00,176,22
2022/09/04 21:00,176,12
2022/09/04 21:00,176,12
2022/09/04 21:00,176,12
2022/09/04 21:00,176,12
2022/09/04 21:00,176,12
2022/09/04 21:00,176,12
2022/09/04 21:00,176,12
2022/09/04 21:00,176,12
2022/09/04 21:00,176,12
2022/09/04 21:00,176,12
2022/09/04 21:00,176,12
2022/09/04 15:00,176,26
2022/09/04 15:00,176,26
2022/09/04 15:00,176,26
2022/09/04 15:00,176,26
2022/09/04 15:00,176,26
2022/09/04 15:00,176,26
2022/09/04 15:00,176,26
2022/09/04 15:00,176,26
2022/09/04 15:00,176,26
2022/09/04 15:00,176,26
2022/09/04 15:00,176,26
2022/09/04 09:00,169,18
2022/09/04 09:00,169,18
2022/09/04 09:00,169,18
2022/09/04 09:00,169,18
2022/09/04 09:00,169,18
2022/09/04 09:00,169,18
2022/09/04 09:00,169,18
2022/09/04 09:00,169,18
2022/09/04 09:00,169,18
2022/09/04 09:00,169,18
2022/09/04 09:00,169,18
2022/09/04 03:00,169,11
2022/09/04 03:00,169,11
2022/09/04 03:00,169,11
2022/09/04 03:00,169,11
2022/09/04 03:00,169,11
2022/09/04 03:00,169,11
2022/09/04 03:00,169,11
2022/09/04 03:00,169,11
2022/09/04 03:00,169,11
2022/09/04 03:00,169,11
2022/09/04 03:00,169,11
2022/09/03 21:00,169,11
2022/09/03 21:00,169,11
2022/09/03 21:00,169,11
2022/09/03 21:00,169,11
2022/09/03 21:00,169,11
2022/09/03 21:00,169,11
2022/09/03 21:00,169,11
2022/09/03 21:00,169,11
2022/09/03 21:00,169,11
2022/09/03 21:00,169,11
2022/09/03 21:00,169,11
2022/09/03 15:00,169,11
2022/09/03 15:00,169,11
2022/09/03 15:00,169,11
2022/09/03 15:00,169,11
2022/09/03 15:00,169,11
2022/09/03 15:00,169,11
2022/09/03 15:00,169,11
2022/09/03 15:00,169,11
2022/09/03 15:00,169,11
2022/09/03 15:00,169,11
2022/09/03 15:00,169,11
2022/09/03 09:00,169,8
2022/09/03 09:00,169,8
2022/09/03 09:00,169,8
2022/09/03 09:00,169,8
2022/09/03 09:00,169,8
2022/09/03 09:00,169,8
2022/09/03 09:00,169,8
2022/09/03 09:00,169,8
2022/09/03 09:00,169,8
2022/09/03 09:00,169,8
2022/09/03 09:00,169,8
2022/09/03 03:00,169,7
2022/09/03 03:00,169,7
2022/09/03 03:00,169,7
2022/09/03 03:00,169,7
2022/09/03 03:00,169,7
2022/09/03 03:00,169,7
2022/09/03 03:00,169,7
2022/09/03 03:00,169,7
2022/09/03 03:00,169,7
2022/09/03 03:00,169,7
2022/09/03 03:00,169,7
2022/09/02 21:00,176,5
2022/09/02 21:00,176,5
2022/09/02 21:00,176,5
2022/09/02 21:00,176,5
2022/09/02 21:00,176,5
2022/09/02 21:00,176,5
2022/09/02 21:00,176,5
2022/09/02 21:00,176,5
2022/09/02 21:00,176,5
2022/09/02 21:00,176,5
2022/09/02 21:00,176,5
2022/09/02 15:00,176,5
2022/09/02 15:00,176,5
2022/09/02 15:00,176,5
2022/09/02 15:00,176,5
2022/09/02 15:00,176,5
2022/09/02 15:00,176,5
2022/09/02 15:00,176,5
2022/09/02 15:00,176,5
2022/09/02 15:00,176,5
2022/09/02 15:00,176,5
2022/09/02 15:00,176,5
2022/09/02 09:00,176,2
2022/09/02 09:00,176,2
2022/09/02 09:00,176,2
2022/09/02 09:00,176,2
2022/09/02 09:00,176,2
2022/09/02 09:00,176,2
2022/09/02 09:00,176,2
2022/09/02 09:00,176,2
2022/09/02 09:00,176,2
2022/09/02 09:00,176,2
2022/09/02 09:00,176,2
2022/09/02 03:00,184,4
2022/09/02 03:00,184,4
2022/09/02 03:00,184,4
2022/09/02 03:00,184,4
2022/09/02 03:00,184,4
2022/09/02 03:00,184,4
2022/09/02 03:00,184,4
2022/09/02 03:00,184,4
2022/09/02 03:00,184,4
2022/09/02 03:00,184,4
2022/09/02 03:00,184,4
2022/09/01 21:00,194,7
2022/09/01 21:00,194,7
2022/09/01 21:00,194,7
2022/09/01 21:00,194,7
2022/09/01 21:00,194,7
2022/09/01 21:00,194,7
2022/09/01 21:00,194,7
2022/09/01 21:00,194,7
2022/09/01 21:00,194,7
2022/09/01 21:00,194,7
2022/09/01 21:00,194,7
2022/09/01 15:00,194,11
2022/09/01 15:00,194,11
2022/09/01 15:00,194,11
2022/09/01 15:00,194,11
2022/09/01 15:00,194,11
2022/09/01 15:00,194,11
2022/09/01 15:00,194,11
2022/09/01 15:00,194,11
2022/09/01 15:00,194,11
2022/09/01 15:00,194,11
2022/09/01 15:00,194,11
2022/09/01 03:00,198,27
2022/09/01 03:00,198,27
2022/09/01 03:00,198,27
2022/09/01 03:00,198,27
2022/09/01 03:00,198,27
2022/09/01 03:00,198,27
2022/09/01 03:00,198,27
2022/09/01 03:00,198,27
2022/09/01 03:00,198,27
2022/09/01 03:00,198,27
2022/09/01 03:00,198,27
2022/08/31 15:00,198,21
2022/08/31 15:00,198,21
2022/08/31 15:00,198,21
2022/08/31 15:00,198,21
2022/08/31 15:00,198,21
2022/08/31 15:00,198,21
2022/08/31 15:00,198,21
2022/08/31 15:00,198,21
2022/08/31 15:00,198,21
2022/08/31 15:00,198,21
2022/08/31 15:00,198,21
2022/08/31 09:00,198,27
2022/08/31 09:00,198,27
2022/08/31 09:00,198,27
2022/08/31 09:00,198,27
2022/08/31 09:00,198,27
2022/08/31 09:00,198,27
2022/08/31 09:00,198,27
2022/08/31 09:00,198,27
2022/08/31 09:00,198,27
2022/08/31 09:00,198,27
2022/08/31 09:00,198,27
2022/08/31 03:00,198,26
2022/08/31 03:00,198,26
2022/08/31 03:00,198,26
2022/08/31 03:00,198,26
2022/08/31 03:00,198,26
2022/08/31 03:00,198,26
2022/08/31 03:00,198,26
2022/08/31 03:00,198,26
2022/08/31 03:00,198,26
2022/08/31 03:00,198,26
2022/08/31 03:00,198,26
2022/08/30 21:00,198,29
2022/08/30 21:00,198,29
2022/08/30 21:00,198,29
2022/08/30 21:00,198,29
2022/08/30 21:00,198,29
2022/08/30 21:00,198,29
2022/08/30 21:00,198,29
2022/08/30 21:00,198,29
2022/08/30 21:00,198,29
2022/08/30 21:00,198,29
2022/08/30 21:00,198,29
2022/08/30 15:00,184,33
2022/08/30 15:00,184,33
2022/08/30 15:00,184,33
2022/08/30 15:00,184,33
2022/08/30 15:00,184,33
2022/08/30 15:00,184,33
2022/08/30 15:00,184,33
2022/08/30 15:00,184,33
2022/08/30 15:00,184,33
2022/08/30 15:00,184,33
2022/08/30 15:00,184,33
2022/08/30 09:00,162,32
2022/08/30 09:00,162,32
2022/08/30 09:00,162,32
2022/08/30 09:00,162,32
2022/08/30 09:00,162,32
2022/08/30 09:00,162,32
2022/08/30 09:00,162,32
2022/08/30 09:00,162,32
2022/08/30 09:00,162,32
2022/08/30 09:00,162,32
2022/08/30 09:00,162,32
2022/08/30 03:00,133,39
2022/08/30 03:00,133,39
2022/08/30 03:00,133,39
2022/08/30 03:00,133,39
2022/08/30 03:00,133,39
2022/08/30 03:00,133,39
2022/08/30 03:00,133,39
2022/08/30 03:00,133,39
2022/08/30 03:00,133,39
2022/08/30 03:00,133,39
2022/08/30 03:00,133,39
2022/08/29 21:00,133,38
2022/08/29 21:00,133,38
2022/08/29 21:00,133,38
2022/08/29 21:00,133,38
2022/08/29 21:00,133,38
2022/08/29 21:00,133,38
2022/08/29 21:00,133,38
2022/08/29 21:00,133,38
2022/08/29 21:00,133,38
2022/08/29 21:00,133,38
2022/08/29 21:00,133,38
2022/08/29 15:00,104,37
2022/08/29 15:00,104,37
2022/08/29 15:00,104,37
2022/08/29 15:00,104,37
2022/08/29 15:00,104,37
2022/08/29 15:00,104,37
2022/08/29 15:00,104,37
2022/08/29 15:00,104,37
2022/08/29 15:00,104,37
2022/08/29 15:00,104,37
2022/08/29 15:00,104,37
2022/08/29 09:00,97,33
2022/08/29 09:00,97,33
2022/08/29 09:00,97,33
2022/08/29 09:00,97,33
2022/08/29 09:00,97,33
2022/08/29 09:00,97,33
2022/08/29 09:00,97,33
2022/08/29 09:00,97,33
2022/08/29 09:00,97,33
2022/08/29 09:00,97,33
2022/08/29 09:00,97,33
2022/08/29 03:00,76,27
2022/08/29 03:00,76,27
2022/08/29 03:00,76,27
2022/08/29 03:00,76,27
2022/08/29 03:00,76,27
2022/08/29 03:00,76,27
2022/08/29 03:00,76,27
2022/08/29 03:00,76,27
2022/08/29 03:00,76,27
2022/08/29 03:00,76,27
2022/08/29 03:00,76,27
2022/08/28 21:00,68,32
2022/08/28 21:00,68,32
2022/08/28 21:00,68,32
2022/08/28 21:00,68,32
2022/08/28 21:00,68,32
2022/08/28 21:00,68,32
2022/08/28 21:00,68,32
2022/08/28 21:00,68,32
2022/08/28 21:00,68,32
2022/08/28 21:00,68,32
2022/08/28 21:00,68,32
2022/08/28 15:00,54,27
2022/08/28 15:00,54,27
2022/08/28 15:00,54,27
2022/08/28 15:00,54,27
2022/08/28 15:00,54,27
2022/08/28 15:00,54,27
2022/08/28 15:00,54,27
2022/08/28 15:00,54,27
2022/08/28 15:00,54,27
2022/08/28 15:00,54,27
2022/08/28 15:00,54,27
